{"cameraMode":{"drawMode":0,"name":"Shaded","section":"Shading Mode"},"sceneLighting":false,"audioPlay":false,"sceneViewState":{"m_AlwaysRefresh":false,"showFog":true,"showSkybox":false,"showFlares":true,"showImageEffects":true,"showParticleSystems":true,"showVisualEffectGraphs":true,"m_FxEnabled":true},"in2DMode":false,"pivot":{"x":-0.014129698276519776,"y":0.22442111372947694,"z":2.4699997901916506},"rotation":{"x":0.1292925924062729,"y":-0.7761837244033814,"z":0.16909274458885194,"w":0.5934902429580689},"size":0.6553758382797241,"orthographic":true}